relative_path,extension,size_bytes,modified_utc,sha256,profile_status
0 Admin/Baseline_Evaluation_Workplan_02042026.xlsx,.xlsx,11736,2026-04-02T10:21:22+00:00,5af4079e8f5d312a45b2f4dfb01bc0ae260430a60169e1cb53d2e712cfaf2d0c,schema_profiled
0 Admin/Contract_Jorge_Signed.docx,.docx,52429,2026-04-16T12:36:16.655779+00:00,b7a0bae3bd390a29c7656e8bb679e41e6a1b6aa37ddbb52ac977c19c89eef6b3,document_profiled
0 Admin/Scope of Work outline.docx,.docx,57349,2026-02-21T17:25:54.421389+00:00,9d07b01564a754e6a38e5cde135836d5cd91f51652bc52661f98e211ac98509e,document_profiled
1 Literature/AI Podcast Transcript.docx,.docx,62218,2026-04-23T11:09:54.779265+00:00,a89d77aa0874ff48ada3847e4aa7702162800dca379f4acb17817d53a23dc531,document_profiled
"1 Literature/Albezreh et al. - 2022 - Multiyear, Multisectoral Training Program in Kenya to Enhance Medical–Legal Processes in Response to.pdf",.pdf,599942,2026-04-14T09:13:52.770468+00:00,d19ee9c8717179ceb8626e9b0a240b7e4b457f27c7bfbfdafac8d63f7fabe380,document_profiled
"1 Literature/Aronow and Samii - 2017 - Estimating average causal effects under general interference, with application to a social network e.pdf",.pdf,1031502,2026-04-14T15:24:44.364180+00:00,0e90860ec951314c117b018ae76acb5adb1c476aec0516315c4d6c34bc6cccbb,document_profiled
1 Literature/Baird et al. - 2018 - Optimal Design of Experiments in the Presence of Interference.pdf,.pdf,550878,2026-04-14T09:15:05.922772+00:00,04f693477f25f398efda87fc2da4030c6a205284cffbc6f43ec6754818fe9ff1,document_profiled
1 Literature/Banik - 2009 - Legal Empowerment as a Conceptual and Operational Tool in Poverty Eradication.pdf,.pdf,93442,2026-04-14T12:11:39.464372+00:00,ab57e171c32118043ab5d1b9cea81879aa783cc63bd2efe1d6cb883f0304f074,document_profiled
"1 Literature/Beckman et al. - 2024 - Reducing Re-arrest Through Community-Led, Police-Initiated Restorative Justice Diversion Tailored fo.pdf",.pdf,286532,2026-04-14T13:54:12.566872+00:00,f4dce438306f76f9ace0f5b7005153f075afb49ee7acb6446908203c9489fa67,document_profiled
1 Literature/Blattman et al. - 2014 - How to Promote Order and Property Rights under Weak Rule of Law An Experiment in Changing Dispute R.pdf,.pdf,561097,2026-04-14T13:16:32.198702+00:00,453e1a66f434dcdce7307cd30bbcca39c1f79f3693565e239b13025f901120e4,document_profiled
1 Literature/Braithwaite - 2021 - Street-Level Meta-Strategies Evidence on Restorative Justice and Responsive Regulation.pdf,.pdf,496077,2026-04-14T12:37:58.857357+00:00,6a3ee4b950d3f6d867c771732cd1b35052ef06a0642aba80b5116ca1a71ac5d9,document_profiled
1 Literature/Callaway and Sant’Anna - 2021 - Difference-in-Differences with multiple time periods.pdf,.pdf,828138,2026-04-14T15:22:14.874323+00:00,88cdd094589af58608a0d6675a00b57f36c8583d5f1e40e892e06a700307867f,document_profiled
1 Literature/CDFU Docs/CDFU LCCs Checklist for Maturity REVISED MAY 2025 (1).doc,.doc,5481984,2026-04-20T15:36:45+00:00,0f57af00258840434c2a412b5b0dee26ab1add82570328daabae64a108360285,inventoried
1 Literature/CDFU Docs/desktop.ini,.ini,178,2026-04-14T14:42:22.870485+00:00,c89e692f83dadccbe031271fb3349d2d994ee5adf1d52fc383cb8874fd4b657f,text_profiled
1 Literature/CDFU Docs/LC COURTS TRAINING MANUAL (1).doc,.doc,214781,2026-04-20T15:35:57+00:00,6449268a91784670e9cd5b8c33b3caa4e401cdb27dd6e76d6b936b25ca8fbebb,inventoried
1 Literature/CDFU Docs/Leaflet-LC Training (1).pdf,.pdf,1242282,2026-04-20T15:35:52+00:00,ae88a6932292de9ce53b2cca72d8f614c579befc074ee41ba9baa916b2f98866,document_profiled
1 Literature/Cooper-Knock and Macdonald - 2020 - A summons to the magistrates’ courts in South Africa and Uganda.pdf,.pdf,304247,2026-04-14T09:15:35.400661+00:00,70423a9605212da118510379d8ce4e96bc85ada2e4e08211ec91528833f98c45,document_profiled
1 Literature/Creutzfeldt and Bradford - 2016 - Dispute Resolution Outside of Courts Procedural Justice and Decision Acceptance Among Users of Ombu.pdf,.pdf,193111,2026-04-14T15:08:11.828553+00:00,6d7714122422c7eea56a3a320206d141ab6d537afe3ada6c522b347d4ecddce4,document_profiled
1 Literature/Engle Merry - 1988 - Legal Pluralism.pdf,.pdf,3672932,2026-04-14T10:13:57.994067+00:00,803141da54cd4c12343047ea2c3c71c6e8b96ff662acca7ea2c59ad5b49e4045,document_profiled
1 Literature/Esposito and Wright - 2025 - Public policies for peace.pdf,.pdf,1120741,2026-04-14T13:18:23.997398+00:00,5b774bd914b88e1aa09360838284bb657fc743cf1aa0185a8d3d2da9e08d5249,document_profiled
1 Literature/Factor et al. - 2026 - The Effect of Community Courts on Recidivism A Quasi-Experimental Study.pdf,.pdf,286597,2026-04-14T15:06:04.544818+00:00,bc05d489f20863dc2274cabcb18b7e4ccc37e2e7e6a083bb1672da50a5960761,document_profiled
1 Literature/Grajzl et al. - 2026 - Does court-annexed mediation facilitate case disposition Evidence from civil and commercial lawsuit.pdf,.pdf,1244601,2026-04-14T12:43:49.712832+00:00,e16badc2b26b8825c946b3a6dd6d54d78f6d139776b392ec40005fb2fc0aa26f,document_profiled
"1 Literature/Grande - 1999 - Alternative dispute resolution, Africa, and the structure of law and power the Horn in context.pdf",.pdf,689761,2026-04-14T10:15:16.082797+00:00,a9852a08199d992079b83d2131474219774fc2e7aca7aed06d114803d4581aa5,document_profiled
1 Literature/Hussey and Hughes - 2007 - Design and analysis of stepped wedge cluster randomized trials.pdf,.pdf,286639,2026-04-14T15:21:09.194577+00:00,33a2bc6075dc5fc1dce4d009f4540dc30a9b6f5117c00af439cd804ae546bc7c,document_profiled
"1 Literature/Jackson - 2018 - Norms, Normativity, and the Legitimacy of Justice Institutions International Perspectives.pdf",.pdf,412769,2026-04-14T15:25:24.292243+00:00,1a345405e2b123d6400246efda4c1886b2892b7f4faf1093b60031a0f3da4ebf,document_profiled
1 Literature/Khair - 2009 - Evaluating Legal Empowerment Problems of Analysis and Measurement.pdf,.pdf,53730,2026-04-14T12:12:14.880517+00:00,b5303ddba30d46c8a64870a118c35bd8c5d42ab5604ed06ce1a7eb5dc4ce88be,document_profiled
1 Literature/Krakowski and Kursani - 2024 - Why Do People Use Informal Justice Experimental Evidence from Kosovo.pdf,.pdf,269783,2026-04-14T13:21:31.755240+00:00,add81aaa4ed4b7c8126587b75986e54dc5ffcfc20f0db995a8cba2c3e1e093e9,document_profiled
1 Literature/Literature Review.docx,.docx,35036,2026-03-16T19:41:44.071997+00:00,daa8a51328f543dd299f5efbf5a4604fc16e8e053079f8a73423ef8fd0b5bc04,document_profiled
1 Literature/Macdonald et al. - 2022 - “Maybe we should take the legal ways” Citizen engagement with lower state courts in post-war northe.pdf,.pdf,849921,2026-04-14T09:15:55.700334+00:00,ea0cf719b5887fc41cec085731aeafeed8647d437fd9707d7d13b388d2e04e16,document_profiled
1 Literature/Maraire - 2025 - The Pursuit of an Appropriate Dispute Resolution Philosophy for Africa.pdf,.pdf,262899,2026-04-14T10:12:46.820659+00:00,af8aa83eb9f3171ec1214b3e3576fb004231f2b23211d1e95c9b84d02f75b064,document_profiled
1 Literature/Maru - 2010 - Access to Justice and Legal Empowerment A Review of World Bank Practice.pdf,.pdf,457705,2026-04-14T10:20:00.701711+00:00,0f06ed0b37a8d8a7ca772384e3b0d2966f2a22993308332769dfce72a86a9b2b,document_profiled
1 Literature/McCart et al. - 2022 - Randomized trial of a diversion program for property offenders with drug use.pdf,.pdf,1369727,2026-04-14T14:06:23.564719+00:00,a482057f5e78cf32aeb91f887166cc4cc0dc2ce86e48b40fcda66c587992b262,document_profiled
1 Literature/Menkel-Meadow - 2007 - Restorative Justice What Is It and Does It Work.pdf,.pdf,1232168,2026-04-14T12:36:27.464283+00:00,98dcddb6f0b693dbfb0c37bcb12498ac6d8688698c2d00021e3ecc4d610c4921,document_profiled
1 Literature/Mennen - 2010 - Lessons from Yambio Legal Pluralism and Customary Justice Reform in Southern Sudan.pdf,.pdf,1422494,2026-04-14T10:15:54.159240+00:00,be069081e388bb9e78a07c54fd597f392bb6e51634420b1f1e24969733f3fa60,document_profiled
1 Literature/Oluoch - 2009 - Legitimacy of the East African Community.pdf,.pdf,197133,2026-04-14T10:04:48.518804+00:00,da6130586dd318de520488ddddd0d85676273c50015f79c91a68525351d10a1a,document_profiled
1 Literature/Owor - 2012 - Creating an Independent Traditional Court A Study of Jopadhola Clan Courts in Uganda.pdf,.pdf,414733,2026-04-14T09:32:43.886953+00:00,9231843f749da7584db561d95d205ae88ede3b3cc163754df4211c61f23636c4,document_profiled
"1 Literature/Paluck and Green - 2009 - Deference, Dissent, and Dispute Resolution An Experimental Intervention Using Mass Media to Change.pdf",.pdf,468488,2026-04-14T13:20:47.189904+00:00,720c4ef7282eb0ec8fb9a683f6516a31f5b6a920b6fc03fb336cc7793f1e7905,document_profiled
1 Literature/Pavlich - 1996 - The Power of Community Mediation Government and Formation of Self-Identity.pdf,.pdf,740213,2026-04-14T12:40:42.275832+00:00,b7a566a0fc32beab3eb41d9c6b5d0d165a0db1f236d947e2567f2d2fa02da0eb,document_profiled
1 Literature/Pimentel - 2010 - Rule of Law Reform Without Cultural Imperialism Reinforcing Customary Justice Through Collateral Re.pdf,.pdf,359981,2026-04-14T10:16:49.776391+00:00,67cb0be079dad75f2d128092ab1486e5b30238f9039036fbd24cebded60e814d,document_profiled
"1 Literature/Read and Michelson - 2018 - Village Dispute Mediation in China, 2002–10 An Enduring Institution amid Rural Change.pdf",.pdf,457087,2026-04-14T15:08:45.418357+00:00,c918e7977ed7c34edf728d0330e56622436611160c1d17015c517d612ce58d7c,document_profiled
1 Literature/Rockowitz et al. - 2024 - A Systematic Review of Criminal Justice Initiatives to Strengthen the Criminal Investigation and Pro.pdf,.pdf,331042,2026-04-14T09:16:06.204194+00:00,856eb4ab01a09be2161ac263f139408ac9a68d55b107d9940d2baa6abb482a94,document_profiled
1 Literature/Sherman et al. - 2015 - Twelve experiments in restorative justice the Jerry Lee program of randomized trials of restorative.pdf,.pdf,847632,2026-04-14T13:51:17.279357+00:00,694d24a6abf3bfceaa4a728bef3106535f619260b30cddfce9008e25e13052ac,document_profiled
1 Literature/Stephens - 2009 - The Commission on Legal Empowerment of the Poor An Opportunity Missed.pdf,.pdf,128323,2026-04-14T12:12:50.779840+00:00,ddb4108b9b9a2b80f055c559d7e667069c4052c7520634cb17c108bbd07a9544,document_profiled
1 Literature/Swenson - 2018 - The promise and peril of paralegal aid.pdf,.pdf,1026749,2026-04-14T10:21:46.200689+00:00,8404b8cb072e9ca17959d73e76976b1362e47f3ded0e1bdaebaf6ec60650f531,document_profiled
1 Literature/Takahashi and Otsuka - 2023 - The Role of Extension in the Green Revolution.pdf,.pdf,336547,2026-04-14T12:45:04.131929+00:00,bdb9dd9ecda3e7194eef5d50dca74d3eef06aea991d155b3aeeb954bbd515fa6,document_profiled
1 Literature/Tyler - 1988 - What is Procedural Justice Criteria Used by Citizens to Assess the Fairness of Legal Procedures.pdf,.pdf,3484544,2026-04-14T12:13:30.902032+00:00,8b1918edda6b3bba38ec5deb7f426e96a5ad53cfc0db63cd8e1313557e67a50d,document_profiled
1 Literature/Tyler - 2017 - Procedural Justice and Policing A Rush to Judgment.pdf,.pdf,658026,2026-04-14T12:34:29.288288+00:00,b1d1536ed4d255f6e1c6bdf8c3789c87b6e2395660d91fdda55a0acbbc99af29,document_profiled
1 Literature/Uganda Advancing Justice.bib,.bib,59031,2026-04-14T15:30:47.101406+00:00,efd5bf6e5cada5e6ff62c17c2232bfe5e38abcc9dce9c9b89251c7cfe26a5c22,text_profiled
1 Literature/Uganda Advancing Justice.csv,.csv,64717,2026-04-14T15:30:17.108955+00:00,9656d716580ece8a81aed40250ea63fff12c9551612f6ba715960efad34d9e72,schema_profiled
1 Literature/Woodman - 1996 - Legal Pluralism and the Search for Justice.pdf,.pdf,1070425,2026-04-14T10:14:29.179123+00:00,5eca4ee59b0140ce01d10ea2c53a1caf8739b82dfb7e964769041b01116e8a6f,document_profiled
"1 Literature/Worden and McLean - 2018 - Measuring, Managing, and Enhancing Procedural Justice in Policing Promise and Pitfalls.pdf",.pdf,167693,2026-04-14T15:23:50.040803+00:00,3bfd4e9206348c03ed9308666edb8b8c2b402731cd04dfa3ba5e5c07d967e782,document_profiled
1 Literature/Wright - 2024 - Mediation and the Structural Interdict as Legal Options to Resolve Service Delivery Failures in Sout.pdf,.pdf,232128,2026-04-14T12:41:35.959551+00:00,4ecb70fb3e127cdfa0a0bb4a9d200c9142b08788807001561e8cf25946319773,document_profiled
2 Design/Instruments/0 Archive/phase_1_baseline.xlsx,.xlsx,129554,2026-05-15T18:31:39+00:00,8c245bd70baccd8ce575049f435a3811ddc0960884255f69fd9239ffe9021edd,schema_profiled
2 Design/Instruments/Advancing Justice Uganda - Questionnaire structure.docx,.docx,30309,2026-04-25T21:50:24.029469+00:00,41259a9e034cff689f25d59b7ac8924a4f89f92488b3505c33139b6e44a6da4d,document_profiled
2 Design/Instruments/Advancing Justice Uganda - Questionnaires.xlsx,.xlsx,343018,2026-05-12T11:22:13+00:00,ec862b9e7e53c3ca379f58ff813e243603a9ac51314187ab8e97d94fd59292d9,schema_profiled
2 Design/Instruments/KII_Police_Judiciary_Final version (1).docx,.docx,4664612,2026-05-19T09:25:22+00:00,dca8fdbc0b98546d2226fc7b32b018981204f217eedcd21fbfbea2e1e74dd3da,document_profiled
2 Design/Instruments/KII_Police_Judiciary_Final version.doc,.doc,5203968,2026-05-19T09:20:49+00:00,e14e0c39543507243688f1b85fdf7bad21d0aae9b581e4ab58236fb81db9254e,inventoried
2 Design/Instruments/KII_Police_Judiciary_Final version.docx,.docx,4671422,2026-05-19T09:30:07+00:00,3f036074c13b566ab4bd599041333c4a7284ef79fbf949a1a01f21c92c93e64c,document_profiled
2 Design/Instruments/KII_Prisions.docx,.docx,3694054,2026-05-12T14:08:48+00:00,538bc764b18de20c5701900669fef263428b4971411d549432ae43e84f925f7b,document_profiled
2 Design/Instruments/phase_1_baseline_Runyankore_printable (1).html,.html,431249,2026-08-31T13:05:59.258305+00:00,3e9ba85d39f352fe3e6fb67d16ff0fb945073d642aa03faded69241f7ea0304f,text_profiled
2 Design/Instruments/phase_1_baseline_Runyankore_printable.html,.html,529917,2026-06-08T14:00:00.431915+00:00,d41fb8630b22593c97e4f44416cb4af26c2318d6262bf74c78034f4bfacb46a5,text_profiled
2 Design/Instruments/phase_1_baseline_version 2.xlsx,.xlsx,120268,2026-05-19T08:15:56+00:00,e80362ab01f83b686151b0b47803e36e6434e6575db0fcce6a70d7c893760278,schema_profiled
2 Design/Instruments/phase_1_baseline_version_Runyankore_Edited (1).xlsx,.xlsx,277634,2026-08-31T13:40:01.717702+00:00,8d81f74491ac2e4e0df6a877f1b9a751efae044469203805feebb66f2ad3b561,schema_profiled
2 Design/Instruments/phase_1_baseline_version_Runyankore_Edited.xlsx,.xlsx,224879,2026-06-08T14:00:08.689717+00:00,8d98afe9973046c6c47b735f4ad9b677fe53abb636251e6e0dbe3746177953f9,schema_profiled
2 Design/Intervention/CDFU LC COURTS TRAINING MANUAL revised 22 July 2026.doc,.doc,5056000,2026-08-10T14:17:17.633792+00:00,d3a6aa8ab61be6203407d25b6740377ed1f4a0f2b8775ecf3d7bed1536b13076,inventoried
2 Design/Intervention/Phase1_LC_Training_Manual_Evidence_Informed_Revisions_CDFU.docx,.docx,54430,2026-08-17T15:47:34.291685+00:00,9214140df2d263f6badd9e2efb25782cd5aaca98b367d03275fb40b4ab65f12e,document_profiled
3 Data/1 Raw/Primary data/Final Village List.xlsx,.xlsx,15011,2026-06-20T06:11:42.189187+00:00,8141e1027445685ad118648645c181df43b3c00c7df0d39adf9172cfee673f77,schema_profiled
3 Data/1 Raw/Primary data/Phase 1 Baseline_Runyankore_WIDE (new submissions).csv,.csv,59540,2026-08-31T13:05:47.002466+00:00,fa1c9fd9154433a27d92e4c0c978bed4584279bd19abff5ef48b86e9b8e41fa4,schema_profiled
3 Data/1 Raw/Primary data/Phase 1 Baseline_Runyankore_WIDE.xlsx,.xlsx,1530003,2026-06-08T13:50:45.106588+00:00,58101c374c81fe4e5c72cc6f8218a5204537c07d98a9dc68b27a2e4bcd970bca,schema_profiled
3 Data/1 Raw/Primary data/Tracking_Form_Final.xlsx,.xlsx,14014,2026-06-12T13:29:05.697921+00:00,af10d694eeaef1dba5b8ec3f9d663987802ba741577525099922733d942ec9fb,schema_profiled
3 Data/1 Raw/Secondary data/BUSHENYI - Updated Admn Units as at 1st June 2024 (1).xls,.xls,70656,2026-04-19T19:45:18+00:00,22fb8494f723b26f233a2f86a617f1640ce9c5cef2790b7a49926032d06b8464,schema_profiled
3 Data/1 Raw/Secondary data/List of LCs mapped.xlsx,.xlsx,45583,2026-08-31T13:21:06.442629+00:00,989244acf4cda46a357d5b7df22d409f7273702d3344049c88fd3a55723f2ba8,schema_profiled
3 Data/1 Raw/Secondary data/Number of cases by village.xlsx,.xlsx,23172,2026-04-18T12:12:28+00:00,773cf378597b0cf87ac6163bbabd9f0c4df2207b292194cc213c2f8692c426ea,schema_profiled
3 Data/1 Raw/Secondary data/Number of cases per sub-county Jan - Dec 2025 cleaned.xlsx,.xlsx,21141,2026-05-04T09:40:42+00:00,6067fe5deea0a23ae4b758036f5518f4444a3875230bb0f2a975abe120e731d1,schema_profiled
3 Data/1 Raw/Secondary data/Number of cases per subcounty.xlsx,.xlsx,24787,2026-04-01T07:09:18+00:00,1a16150c4d8f2c1bf58da80c26d55a8a5fb17cd980d06c636ce3b3876a681bef,schema_profiled
3 Data/1 Raw/Secondary data/RUBIRIZI ADMIN DATA.xlsx,.xlsx,18528,2026-04-01T07:06:45+00:00,e3a03c2dd8eed088bc6d797e107675d77ae542555b1ec4de4103a8150a693ccb,schema_profiled
3 Data/1 Raw/Secondary data/Sheema Administrative units.doc,.doc,726016,2026-04-01T07:06:30+00:00,586ecc0fea1aedd7bf9f97de6f751ebcf56481920158466efe7b592a455257ed,inventoried
3 Data/1 Raw/Secondary data/uga_admin_boundaries/uga_admin0.cpg,.cpg,5,2026-01-26T15:27:10+00:00,3ad3031f5503a4404af825262ee8232cc04d4ea6683d42c5dd0a2f2a27ac9824,text_profiled
3 Data/1 Raw/Secondary data/uga_admin_boundaries/uga_admin0.dbf,.dbf,1739,2026-01-26T15:27:10+00:00,a28abac882f4a3f32fccd1d3fc8585db676550901459d46cfd9233903ffc45ca,schema_profiled
3 Data/1 Raw/Secondary data/uga_admin_boundaries/uga_admin0.prj,.prj,145,2026-01-26T15:27:10+00:00,a02a27b1d1982c8516d83398e85a3c8b1aef1713c13ef4d84d7bde17430c07c4,text_profiled
3 Data/1 Raw/Secondary data/uga_admin_boundaries/uga_admin0.shp,.shp,405132,2026-01-26T15:27:10+00:00,a08c75a5bbe6a23d4e808b6f0feebb301f630b59037781936e11f76da73a3df1,schema_profiled
3 Data/1 Raw/Secondary data/uga_admin_boundaries/uga_admin0.shx,.shx,108,2026-01-26T15:27:10+00:00,c35d5f449d6991e3928b2f397e935051a8f64bd58d75670fa4fc9459bb9c9d14,inventoried
3 Data/1 Raw/Secondary data/uga_admin_boundaries/uga_admin1.cpg,.cpg,5,2026-01-26T15:27:10+00:00,3ad3031f5503a4404af825262ee8232cc04d4ea6683d42c5dd0a2f2a27ac9824,text_profiled
3 Data/1 Raw/Secondary data/uga_admin_boundaries/uga_admin1.dbf,.dbf,6182,2026-01-26T15:27:10+00:00,943a925b480a454aea38d20bb2b7ad87292258f948c868d451c016bb21c22f45,schema_profiled
3 Data/1 Raw/Secondary data/uga_admin_boundaries/uga_admin1.prj,.prj,145,2026-01-26T15:27:10+00:00,a02a27b1d1982c8516d83398e85a3c8b1aef1713c13ef4d84d7bde17430c07c4,text_profiled
3 Data/1 Raw/Secondary data/uga_admin_boundaries/uga_admin1.shp,.shp,1065604,2026-01-26T15:27:10+00:00,52a857ea771cb9a87f7929bd953e7c7fdf79758ff7492a0d4baf4b2f46e3fed1,schema_profiled
3 Data/1 Raw/Secondary data/uga_admin_boundaries/uga_admin1.shx,.shx,132,2026-01-26T15:27:10+00:00,b337b873212cf230901ae6fde7951e1900b143033e201292c56e8b069e5222da,inventoried
3 Data/1 Raw/Secondary data/uga_admin_boundaries/uga_admin2.cpg,.cpg,5,2026-01-26T15:27:10+00:00,3ad3031f5503a4404af825262ee8232cc04d4ea6683d42c5dd0a2f2a27ac9824,text_profiled
3 Data/1 Raw/Secondary data/uga_admin_boundaries/uga_admin2.dbf,.dbf,239681,2026-01-26T15:27:10+00:00,82076cac5432d0f4bbdab4680db82649616548328ba3e34ca6028b05d1e1512b,schema_profiled
3 Data/1 Raw/Secondary data/uga_admin_boundaries/uga_admin2.prj,.prj,145,2026-01-26T15:27:10+00:00,a02a27b1d1982c8516d83398e85a3c8b1aef1713c13ef4d84d7bde17430c07c4,text_profiled
3 Data/1 Raw/Secondary data/uga_admin_boundaries/uga_admin2.shp,.shp,6958492,2026-01-26T15:27:10+00:00,047acb34af3f0d7a6256793a39d76410a0f8f9bc35d00f3a1372da7731aa35a2,schema_profiled
3 Data/1 Raw/Secondary data/uga_admin_boundaries/uga_admin2.shx,.shx,1180,2026-01-26T15:27:10+00:00,d436d1b92f66f768cd80262745bfb9eb77111c4d189150ece08bf42086d7eecf,inventoried
3 Data/1 Raw/Secondary data/uga_admin_boundaries/uga_admin3.cpg,.cpg,5,2026-01-26T15:27:10+00:00,3ad3031f5503a4404af825262ee8232cc04d4ea6683d42c5dd0a2f2a27ac9824,text_profiled
3 Data/1 Raw/Secondary data/uga_admin_boundaries/uga_admin3.dbf,.dbf,452178,2026-01-26T15:27:10+00:00,cdac82b2706c29134a22d9e1d605319232d8a0c4a74c4c289696c97c9b83f37a,schema_profiled
3 Data/1 Raw/Secondary data/uga_admin_boundaries/uga_admin3.prj,.prj,145,2026-01-26T15:27:10+00:00,a02a27b1d1982c8516d83398e85a3c8b1aef1713c13ef4d84d7bde17430c07c4,text_profiled
3 Data/1 Raw/Secondary data/uga_admin_boundaries/uga_admin3.shp,.shp,8050204,2026-01-26T15:27:10+00:00,6a198fc8e5290df365799af5043930289038a9ac952edac0837cb74f5c4217b7,schema_profiled
3 Data/1 Raw/Secondary data/uga_admin_boundaries/uga_admin3.shx,.shx,1764,2026-01-26T15:27:10+00:00,18bb4959488b62c3e1ad417e7d465b3173a494cb067bd018a42285412812429a,inventoried
3 Data/1 Raw/Secondary data/uga_admin_boundaries/uga_admin4.cpg,.cpg,5,2026-01-26T15:27:10+00:00,3ad3031f5503a4404af825262ee8232cc04d4ea6683d42c5dd0a2f2a27ac9824,text_profiled
3 Data/1 Raw/Secondary data/uga_admin_boundaries/uga_admin4.dbf,.dbf,3906066,2026-01-26T15:27:10+00:00,1f0c38a126ccaed2d61fbf17515625910ed3ec18259d32f0c1628295263e4fbb,schema_profiled
3 Data/1 Raw/Secondary data/uga_admin_boundaries/uga_admin4.prj,.prj,145,2026-01-26T15:27:10+00:00,a02a27b1d1982c8516d83398e85a3c8b1aef1713c13ef4d84d7bde17430c07c4,text_profiled
3 Data/1 Raw/Secondary data/uga_admin_boundaries/uga_admin4.shp,.shp,17952368,2026-01-26T15:27:10+00:00,a0b2fb4039353da31afbeeefcd13d08056b160babb0876f838298404e77ab6a7,schema_profiled
3 Data/1 Raw/Secondary data/uga_admin_boundaries/uga_admin4.shx,.shx,12260,2026-01-26T15:27:10+00:00,d301ddbfa07c238d18a63c7eeb9b959ef73a65a4125790b9577037442cfc5cf8,inventoried
3 Data/1 Raw/Secondary data/uga_admin_boundaries/uga_admin4_coord.dta,.dta,20131443,2026-04-24T12:41:05.333017+00:00,b5b81d3f0f8892c46d8a6bd5773df8e5f0f7393966d43809e706c5e69654e12a,schema_profiled
3 Data/1 Raw/Secondary data/uga_admin_boundaries/uga_admin4_data.dta,.dta,323675,2026-04-24T12:41:05.395509+00:00,7c3b098df3683f5f90957753552f588953c4edfaf7125fde5f03119b8f75496f,schema_profiled
3 Data/1 Raw/Secondary data/uga_admin_boundaries/uga_adminlines.cpg,.cpg,5,2026-01-26T15:27:10+00:00,3ad3031f5503a4404af825262ee8232cc04d4ea6683d42c5dd0a2f2a27ac9824,text_profiled
3 Data/1 Raw/Secondary data/uga_admin_boundaries/uga_adminlines.dbf,.dbf,1608120,2026-01-26T15:27:10+00:00,53e23461e874ef4245113b6481e9d036a26695fe1ec39ba99fb62e992c791c14,schema_profiled
3 Data/1 Raw/Secondary data/uga_admin_boundaries/uga_adminlines.prj,.prj,145,2026-01-26T15:27:10+00:00,a02a27b1d1982c8516d83398e85a3c8b1aef1713c13ef4d84d7bde17430c07c4,text_profiled
3 Data/1 Raw/Secondary data/uga_admin_boundaries/uga_adminlines.shp,.shp,9457788,2026-01-26T15:27:10+00:00,e122a87bbc64ed349065ad1cfe6a30fcb50d2275def36844e1f64185724b4b9a,schema_profiled
3 Data/1 Raw/Secondary data/uga_admin_boundaries/uga_adminlines.shx,.shx,37276,2026-01-26T15:27:10+00:00,56cd96c1ec4d2f8cfb7a7f8391a54c5d907046cca74c86a161217c7f49eb1860,inventoried
3 Data/1 Raw/Secondary data/uga_admin_boundaries/uga_adminpoints.cpg,.cpg,5,2026-01-26T15:27:10+00:00,3ad3031f5503a4404af825262ee8232cc04d4ea6683d42c5dd0a2f2a27ac9824,text_profiled
3 Data/1 Raw/Secondary data/uga_admin_boundaries/uga_adminpoints.dbf,.dbf,5220474,2026-01-26T15:27:10+00:00,eab2ef54aefd6548475546fbf96343da0adebbac7a021395a1491edf3943ff9d,schema_profiled
3 Data/1 Raw/Secondary data/uga_admin_boundaries/uga_adminpoints.prj,.prj,145,2026-01-26T15:27:10+00:00,a02a27b1d1982c8516d83398e85a3c8b1aef1713c13ef4d84d7bde17430c07c4,text_profiled
3 Data/1 Raw/Secondary data/uga_admin_boundaries/uga_adminpoints.shp,.shp,52404,2026-01-26T15:27:10+00:00,229ce92470fff0a5af830aaf7a79ea6cc3785ee1029e62d4de578a67b0874d3e,schema_profiled
3 Data/1 Raw/Secondary data/uga_admin_boundaries/uga_adminpoints.shx,.shx,15044,2026-01-26T15:27:10+00:00,0d35f1dc5dd0bcbfb565c8ab314d1c187802e07bd81e6619650862488f631a8b,inventoried
3 Data/1 Raw/Secondary data/uga_admin_boundaries.shp.zip,.zip,33159012,2026-04-24T11:46:04.800973+00:00,4b2b0458693d014efdde1e8c86e00f1c390849d92fe47fd7909cfa97a8488314,archive_profiled
3 Data/1 Raw/Secondary data/uga_villages_jan_2009/uga_villages_jan_2009.cst,.cst,5,2026-04-24T11:02:04+00:00,3ad3031f5503a4404af825262ee8232cc04d4ea6683d42c5dd0a2f2a27ac9824,text_profiled
3 Data/1 Raw/Secondary data/uga_villages_jan_2009/uga_villages_jan_2009.dbf,.dbf,4866611,2026-04-24T11:02:04+00:00,087af6279ba321248971e9b05a435a08b4d1187e10ea722dcb692fcf485cec46,schema_profiled
3 Data/1 Raw/Secondary data/uga_villages_jan_2009/uga_villages_jan_2009.prj,.prj,335,2026-04-24T11:02:04+00:00,de5c1395a1ffc517ee2112b217c89595d01a7944eb65374c06547d4771b29167,text_profiled
3 Data/1 Raw/Secondary data/uga_villages_jan_2009/uga_villages_jan_2009.shp,.shp,149340,2026-04-24T11:02:04+00:00,ef062911504a67ed2a4f0b62b2173200ad71f1fb52bd0da28a2364a5c77dc0ff,schema_profiled
3 Data/1 Raw/Secondary data/uga_villages_jan_2009/uga_villages_jan_2009.shx,.shx,42740,2026-04-24T11:02:04+00:00,a842eeb20a2095b9fe4efb60de2b8f0640271a7b8d50054f53a3350a9a5c9bab,inventoried
3 Data/1 Raw/Secondary data/uga_villages_jan_2009/uga_villages_jan_2009_coor.dta,.dta,98415,2026-04-24T13:03:33.345883+00:00,fd3ee4391ffacaf27e79e6aa9a7d2318c61315e0ee03ec669b1fb09a49da883a,schema_profiled
3 Data/1 Raw/Secondary data/uga_villages_jan_2009.zip,.zip,240136,2026-04-24T13:02:07.249888+00:00,3cc0559238e2c26476e269bab13aae9bd88d9f05ca55f7f2f49ee38d83643463,archive_profiled
3 Data/1 Raw/Secondary data/uga_villages_jan_2009_pcodedb/uga_villages_jan_2009_pcodedB.cpg,.cpg,5,2018-09-07T08:11:00+00:00,3ad3031f5503a4404af825262ee8232cc04d4ea6683d42c5dd0a2f2a27ac9824,text_profiled
3 Data/1 Raw/Secondary data/uga_villages_jan_2009_pcodedb/uga_villages_jan_2009_pcodedB.dbf,.dbf,14055756,2018-09-07T08:12:32+00:00,7c7649ad2342b4d93d3e9ff8c57cf0e63f57e7f8a02190685c0b060a21b0adab,schema_profiled
3 Data/1 Raw/Secondary data/uga_villages_jan_2009_pcodedb/uga_villages_jan_2009_pcodedB.prj,.prj,153,2018-09-07T08:10:58+00:00,290ec80044946d89b4b6d0daa27ad2242e03165536568c0340ea72603918408c,text_profiled
3 Data/1 Raw/Secondary data/uga_villages_jan_2009_pcodedb/uga_villages_jan_2009_pcodedB.sbn,.sbn,54852,2018-09-07T08:11:00+00:00,22b65a424bb451e02f49d58b54fb668a19c39dc0fdee9dc03c5c164b7653ec07,inventoried
3 Data/1 Raw/Secondary data/uga_villages_jan_2009_pcodedb/uga_villages_jan_2009_pcodedB.sbx,.sbx,4028,2018-09-07T08:11:00+00:00,bd1aa142be62c2240feba3714d3bb713bf41f087231ecc29a5cedb549a758fcd,inventoried
3 Data/1 Raw/Secondary data/uga_villages_jan_2009_pcodedb/uga_villages_jan_2009_pcodedB.shp,.shp,149340,2018-09-07T08:11:00+00:00,7d5aa47aaa425e0ddff9cca6dca8c2bcdeb54e35ec345d4c13a47aee61177d34,schema_profiled
3 Data/1 Raw/Secondary data/uga_villages_jan_2009_pcodedb/uga_villages_jan_2009_pcodedB.shx,.shx,42740,2018-09-07T08:11:00+00:00,a842eeb20a2095b9fe4efb60de2b8f0640271a7b8d50054f53a3350a9a5c9bab,inventoried
3 Data/1 Raw/Secondary data/uga_villages_jan_2009_pcodedb/uga_villages_jan_2009_pcodedB_coor.dta,.dta,98415,2026-04-24T12:59:51.347341+00:00,0e3ff5bfc1f08a5f18a41d4458b00635ab2fb582d85fca68de64818afaa461a7,schema_profiled
3 Data/1 Raw/Secondary data/uga_villages_jan_2009_pcodedb/uga_villages_jan_2009_pcodedB_data.dta,.dta,842915,2026-04-24T12:59:51.472754+00:00,8dd3bd4e50d8ff0d1bfa12859ad960ba65d0c313dabf624b4851e3ae7ed91a57,schema_profiled
3 Data/1 Raw/Secondary data/uga_villages_jan_2009_pcodedb.zip,.zip,461157,2026-04-24T12:57:42.661490+00:00,7874ed5a692ca6a69ddf09386c1ecdc136a1c42581e6c29dd6639b28468db719,archive_profiled
3 Data/2 Working/phase1_baseline_clean.dta,.dta,1328266,2026-06-20T06:40:41.919612+00:00,a65e1f970378090ac3c1e40623e9e4f2cce1be864acba8a4c24c5b32b4d6594a,schema_profiled
3 Data/2 Working/phase1_replacements.dta,.dta,88855,2026-04-24T09:30:22.859845+00:00,c5bf7107afeb8ff4e914073cc03d047fa7809bab1c9abae60db5e47a2fd1f0aa,schema_profiled
3 Data/2 Working/phase1_sampling_frame_full.dta,.dta,167553,2026-04-24T09:30:22.849847+00:00,5248ae7ffbc07edbe2b0e6aa56ea12e9b801738602f2ed875d6b1f3229415bd0,schema_profiled
3 Data/2 Working/phase1_selected_100.dta,.dta,93548,2026-04-24T09:30:22.854848+00:00,719aea1b9345b80cf06b52a19390051a2e8d13d4f21b9ee3347463df057cbb15,schema_profiled
3 Data/2 Working/phase1_tracking_form_clean.dta,.dta,46480,2026-06-12T14:34:07.290808+00:00,5c72df7a1666e90c1074915f423726ba80598ae703c4cf40de259ea7e0a8a9d5,schema_profiled
3 Data/2 Working/village_cases_2025_clean.dta,.dta,123870,2026-04-24T09:30:22.585974+00:00,da8096200f240431664e26daae10e7234e994ef7429202c2327c5af97d54f5a8,schema_profiled
3 Data/3 Coded/phase1_baseline_analysis.dta,.dta,1307858,2026-06-20T06:40:41.928612+00:00,cf9f15fc62bc0be79a5b4168678447c70ecf5844c53016c2996b10521f071dc3,schema_profiled
3 Data/3 Coded/phase1_baseline_data_quality.xlsx,.xlsx,23393,2026-06-20T06:40:42.726380+00:00,9c127820994d4c671207081809698ae6ac9df6d0b78ed8fa46895b6bb78491b8,schema_profiled
3 Data/3 Coded/Phase1_Baseline_QA/phase1_baseline_dq.log,.log,326939,2026-07-16T09:27:39.812850+00:00,598ac97646a57edf9f51ffc88b86d2cbe167975f1cef6402fa3482db025ed221,text_profiled
3 Data/3 Coded/Phase1_Baseline_QA/phase1_baseline_dq_check_summary.dta,.dta,178527,2026-07-16T09:27:37.868346+00:00,b6fe185d9aca3e107761fd8de4be16c72d9d803254b34000b307790a24b3655e,schema_profiled
3 Data/3 Coded/Phase1_Baseline_QA/phase1_baseline_dq_issues.csv,.csv,103091,2026-07-16T09:27:37.860340+00:00,9dc0d77d6048e43640d96f06611624e72dc913206e1c690a83297544b43b8c22,schema_profiled
3 Data/3 Coded/Phase1_Baseline_QA/phase1_baseline_dq_issues.dta,.dta,159613,2026-07-16T09:27:37.853340+00:00,60a9067c1e0b899e5ca5fdf352526f4214713a1df3a712d74ac634f7e7194f84,schema_profiled
3 Data/3 Coded/Phase1_Baseline_QA/phase1_baseline_dq_record_flags.dta,.dta,48842,2026-07-16T09:27:36.023960+00:00,88b66fdbb2a72954027fc3977294deb3217db9855731c3a3f3c8fcbefa227270,schema_profiled
3 Data/3 Coded/Phase1_Baseline_QA/phase1_baseline_dq_release_status.txt,.txt,442,2026-07-16T09:27:39.811110+00:00,d801dd2a51dce6b263fcfa348254c4548f78c5eed8cd7da052a556af922b595e,text_profiled
3 Data/3 Coded/Phase1_Baseline_QA/phase1_baseline_dq_report.xlsx,.xlsx,147463,2026-07-16T09:27:39.796853+00:00,059fc2022f8d83e1e830f2e04c844ebe25af10584b07a07bf65b7c7c6b3d255a,schema_profiled
3 Data/3 Coded/Phase1_Baseline_QA/phase1_baseline_dq_tagged.dta,.dta,1209373,2026-07-16T09:27:36.021810+00:00,e8fa33f301fcd5de6de72b163c87254a025903664f3caa6846af442b86191b2f,schema_profiled
3 Data/3 Coded/Phase1_sampling_randomization.xlsx,.xlsx,21102,2026-05-13T11:47:30+00:00,502fdb5062f386bd7185bca566bb0699a4fe4296c24022b5532a25ccbab8e943,schema_profiled
4 Deliverables and Presentations/Advancing Justice Uganda - Evaluation of LC Justive System for diversion program - Inception Report.docx,.docx,3247653,2026-04-23T23:52:47+00:00,6495d11a31ce63523a0664c099d0aa6ce0e80a3cba072347358fb43c08e8b288,document_profiled
4 Deliverables and Presentations/Advancing Justice Uganda - Impact Evaluation Technical Proposal.docx,.docx,113541,2026-04-23T10:01:39.779572+00:00,3c9c02f2f969c8e6ab3dbe04195f25af243f485d46a84fb8d9da79d24424c123,document_profiled
4 Deliverables and Presentations/Advancing Justice Uganda - Phase 1 Baseline High Level Results.pptx,.pptx,6291102,2026-06-22T08:14:39+00:00,887c99485d0b0da39e63c54947160398580973c0f07acb29b9bef2d931e9c8c8,document_profiled
4 Deliverables and Presentations/Inception Report_Shorter version_26042025.docx,.docx,3282326,2026-04-26T16:15:42+00:00,55c02cc36b0268b76627eb1ec5303839563ecba73805c121c58f4b926807355c,document_profiled
4 Deliverables and Presentations/Legatum Baseline Scope of work_Revised (1).docx,.docx,80078,2026-04-23T09:57:21.579154+00:00,e5c340e29b2a85c244002049ac85f41cb5f28a6c38f896bdb5d22f0dd30d3523,document_profiled
4 Deliverables and Presentations/Legatum inception meeting_08042026.pptx,.pptx,179226,2026-04-20T07:36:27+00:00,5811bc3bf74100030d9b9b850c9ef6f478a94d558bd954deae8a53f7bc070658,document_profiled
BASELINE_RECONCILIATION_AND_ANALYTICAL_GUIDANCE_AUG2026.md,.md,36172,2026-08-31T14:06:28+00:00,e226db788ce0686d59cec83b2d062989243b50d751de5d89fb563d0586893157,text_profiled
desktop.ini,.ini,178,2026-03-25T16:03:50.785360+00:00,c89e692f83dadccbe031271fb3349d2d994ee5adf1d52fc383cb8874fd4b657f,text_profiled
